	text	pred	label
0	['[CLS]', '显', '卡', '效', '果', '：', '比', '想', '象', '中', '要', '好', '[SEP]']	['显卡效果', 'EA硬件&性能', '比想象中要好', 'EO硬件&性能']	['显卡效果', 'EA硬件&性能', '比想象中要好', 'EO硬件&性能']
1	['[CLS]', '外', '观', '精', '美', '，', '很', '薄', '携', '带', '方', '便', '，', '玩', '游', '戏', '一', '点', '都', '不', '卡', '，', '很', '喜', '欢', '！', '[SEP]']	['外观', 'EA外观', '精美', 'EO外观', '很薄', 'EO外观', '携带', 'EA外观', '方便', 'EO外观', '玩游戏', 'EA使用场景', '一点都不卡', 'EO使用场景', '很喜欢', 'EO整体']	['外观', 'EA外观', '精美', 'EO外观', '很薄', 'EO外观', '携带', 'EA外观', '方便', 'EO外观', '玩游戏', 'EA使用场景', '一点都不卡', 'EO使用场景', '很喜欢', 'EO整体']
2	['[CLS]', '弄', '文', '件', '时', '会', '卡', '顿', '[SEP]']	['卡顿', 'EO使用场景']	['会卡顿', 'EO硬件&性能']
3	['[CLS]', '只', '一', '个', '纸', '箱', '包', '裹', '，', '电', '脑', '用', '着', '还', '不', '错', '，', '就', '是', '*', '*', '差', '评', '，', '价', '格', '乱', '跳', '，', '一', '天', '一', '个', '价', '[SEP]']	['纸箱', 'EA包装', '包裹', 'EA包装', '还不错', 'EO整体', '差评', 'EO整体', '价格', 'EA价格', '乱跳', 'EO价格', '一天一个价', 'EO价格']	['还不错', 'EO整体', '价格', 'EA价格', '乱跳', 'EO价格', '一天一个价', 'EO价格']
4	['[CLS]', '一', '切', 'O', 'K', '，', 'L', 'O', 'L', '走', '一', '走', '[SEP]']	[]	['OK', 'EO整体']
5	['[CLS]', '电', '脑', '不', '好', '用', '，', '客', '服', '没', '信', '用', '，', '之', '前', '讲', '好', '带', '发', '票', '，', '电', '脑', '到', '后', '连', '张', '收', '锯', '都', '没', '有', '[SEP]']	['不好用', 'EO整体', '客服', 'EA服务', '没信用', 'EO服务']	['不好用', 'EO整体', '客服', 'EA服务', '没信用', 'EO服务']
6	['[CLS]', '看', '视', '频', '有', '时', '候', '会', '出', '现', '滋', '滋', '的', '卡', '带', '现', '象', '，', '这', '是', '今', '天', '的', '现', '象', '&', 'm', 'd', 'a', 's', 'h', ';', '&', 'm', 'd', 'a', 's', 'h', ';', '差', '不', '多', '两', '小', '时', '了', '，', '是', '什', '么', '鬼', '！', '！', '！', '！', '[SEP]']	['看视频', 'EA使用场景', '卡带', 'EO硬件&性能']	['看视频', 'EA使用场景', '滋滋的卡带', 'EO使用场景']
7	['[CLS]', '屏', '幕', '不', '行', ' ', '买', '了', '才', '7', '天', '就', '各', '种', '糊', '。', '醉', '了', '。', '[SEP]']	['屏幕', 'EA硬件&性能', '不行', 'EO硬件&性能', '各种糊', 'EO整体']	['屏幕', 'EA硬件&性能', '不行', 'EO硬件&性能']
8	['[CLS]', '电', '脑', '价', '格', '实', '惠', '，', '速', '度', '快', '，', '下', '次', '还', '来', '[SEP]']	['价格', 'EA价格', '实惠', 'EO价格', '速度', 'EA硬件&性能', '快', 'SO硬件&性能']	['价格', 'EA价格', '实惠', 'EO价格', '速度', 'EA硬件&性能', '快', 'SO硬件&性能']
9	['[CLS]', '老', '公', '买', '来', '玩', '游', '戏', '的', '，', '他', '说', '速', '度', '快', '，', '满', '意', '[SEP]']	['速度', 'EA硬件&性能', '快', 'SO硬件&性能', '满意', 'EO整体']	['速度', 'EA硬件&性能', '快', 'SO硬件&性能', '满意', 'EO整体']
10	['[CLS]', '新', '机', '入', '手', '，', '第', '一', '次', '使', '用', '*', '*', '，', '整', '体', '感', '觉', '还', '可', '以', '，', '运', '行', '起', '来', '声', '音', '略', '大', '，', '运', '行', '速', '度', '感', '觉', '不', '明', '显', '，', '性', '价', '比', '相', '对', '之', '前', '用', '过', '电', '脑', '的', '只', '能', '说', '一', '般', '般', '[SEP]']	['还可以', 'EO整体', '声音', 'EA硬件&性能', '略大', 'EO硬件&性能', '运行速度', 'EA硬件&性能', '不明显', 'EO硬件&性能', '性价比', 'EA价格', '一般般', 'EO价格']	['还可以', 'EO整体', '声音', 'EA硬件&性能', '略大', 'EO硬件&性能', '运行速度', 'EA硬件&性能', '不明显', 'EO硬件&性能', '性价比', 'EA价格', '一般般', 'EO价格']
11	['[CLS]', '很', '不', '错', '，', '性', '价', '比', '很', '高', '，', '物', '流', '快', '，', '客', '服', '服', '务', '态', '度', '好', '，', '好', '评', '。', '[SEP]']	['很不错', 'EO整体', '性价比', 'EA价格', '很高', 'EO价格', '物流', 'EA物流', '快', 'SO物流', '客服服务态度', 'EA服务', '好', 'SO服务', '好评', 'EO整体']	['很不错', 'EO整体', '性价比', 'EA价格', '很高', 'EO价格', '物流', 'EA物流', '快', 'SO物流', '客服服务态度', 'EA服务', '好', 'SO服务', '好评', 'EO整体']
12	['[CLS]', '刚', '买', '就', '降', '价', '，', '不', '太', '开', '心', '，', '，', '就', '这', '样', '吧', '[SEP]']	['降价', 'EO价格']	['刚买就降价', 'EO价格']
13	['[CLS]', '整', '体', '来', '说', '功', '能', '不', '错', '哈', '，', '*', '*', '系', '统', '好', '用', '[SEP]']	['功能', 'EA整体', '不错', 'EO整体', '系统', 'EA软件&性能', '好用', 'EO软件&性能']	['功能', 'EA整体', '不错', 'EO整体', '系统', 'EA软件&性能', '好用', 'EO软件&性能']
14	['[CLS]', '收', '到', '宝', '贝', '了', '，', '款', '式', '很', '好', '看', '，', '电', '脑', '配', '置', '高', '，', '价', '格', '实', '惠', '，', '物', '流', '也', '快', '，', '给', '好', '评', '！', '[SEP]']	['款式', 'EA外观', '很好看', 'EO外观', '配置', 'EA硬件&性能', '高', 'SO硬件&性能', '价格', 'EA价格', '实惠', 'EO价格', '物流', 'EA物流', '也快', 'EO物流', '好评', 'EO整体']	['款式', 'EA外观', '很好看', 'EO外观', '配置', 'EA硬件&性能', '高', 'SO硬件&性能', '价格', 'EA价格', '实惠', 'EO价格', '物流', 'EA物流', '也快', 'EO物流', '好评', 'EO整体']
15	['[CLS]', '玩', '游', '戏', '一', '点', '都', '不', '卡', '，', '满', '意', '。', '[SEP]']	['玩游戏', 'EA使用场景', '一点都不卡', 'EO使用场景', '满意', 'EO整体']	['玩游戏', 'EA使用场景', '一点都不卡', 'EO使用场景', '满意', 'EO整体']
16	['[CLS]', '才', '一', '个', '多', '星', '期', '，', '不', '想', '多', '说', '什', '么', '，', '有', '点', '小', '卡', '，', '音', '响', '从', '刚', '刚', '到', '就', '一', '直', '很', '烂', '，', '声', '音', '总', '是', '一', '卡', '一', '卡', '的', '，', '不', '管', '是', '玩', '游', '戏', '，', '看', '视', '频', '听', '音', '乐', '都', '没', '得', '说', '是', '真', '的', '烂', '，', '[SEP]']	['有点小卡', 'EO硬件&性能', '音响', 'EA硬件&性能', '很烂', 'EO硬件&性能', '声音', 'EA硬件&性能', '一卡一卡', 'EO硬件&性能', '玩游戏', 'EA使用场景', '看视频', 'EA使用场景', '听音乐', 'EA使用场景']	['有点小卡', 'EO硬件&性能', '音响', 'EA硬件&性能', '一直很烂', 'EO硬件&性能', '声音', 'EA硬件&性能', '一卡一卡的', 'EO硬件&性能', '是真的烂', 'EO整体']
17	['[CLS]', '收', '到', '啦', '收', '到', '啦', '，', '包', '裹', '很', '严', '实', '，', '期', '待', '*', '*', '*', '即', '将', '带', '给', '我', '的', '卓', '越', '性', '能', '[SEP]']	['包裹', 'EA包装', '很严实', 'EO包装']	['包裹', 'EA包装', '很严实', 'EO包装']
18	['[CLS]', '电', '脑', '已', '收', '到', '，', '性', '能', '很', '好', '，', '又', '薄', '，', '运', '行', '很', '快', '，', '满', '分', '[SEP]']	['性能', 'EA硬件&性能', '很好', 'EO硬件&性能', '又薄', 'EO外观', '运行', 'EA硬件&性能', '很快', 'EO硬件&性能', '满分', 'EO整体']	['性能', 'EA硬件&性能', '很好', 'EO硬件&性能', '薄', 'SO外观', '运行', 'EA硬件&性能', '很快', 'EO硬件&性能', '满分', 'EO整体']
19	['[CLS]', '性', '能', '不', '错', '，', '外', '观', '挺', '漂', '亮', '的', '[SEP]']	['性能', 'EA硬件&性能', '不错', 'EO硬件&性能', '外观', 'EA外观', '挺漂亮的', 'EO外观']	['性能', 'EA硬件&性能', '不错', 'EO硬件&性能', '外观', 'EA外观', '挺漂亮的', 'EO外观']
20	['[CLS]', '非', '常', '好', '的', '电', '脑', '，', '非', '常', '满', '意', '。', '[SEP]']	['非常好', 'EO整体', '非常满意', 'EO整体']	['非常好', 'EO整体', '非常满意', 'EO整体']
21	['[CLS]', '质', '量', '可', '以', '，', '性', '价', '比', '高', '，', '用', '着', '很', '流', '畅', '不', '卡', '顿', '[SEP]']	['质量', 'EA整体', '可以', 'EO整体', '性价比', 'EA价格', '高', 'SO价格', '很流畅', 'EO硬件&性能', '不卡顿', 'EO硬件&性能']	['质量', 'EA整体', '可以', 'EO整体', '性价比', 'EA价格', '高', 'SO价格', '很流畅不卡顿', 'EO硬件&性能']
22	['[CLS]', '买', '完', '就', '降', '价', '申', '请', '价', '格', '保', '护', '还', '不', '行', '，', '反', '应', '之', '后', '也', '不', '处', '理', '，', '反', '正', '买', '完', '之', '后', '各', '种', '不', '爽', '[SEP]']	['反应', 'EA硬件&性能', '不处理', 'EO硬件&性能']	['买完就降价', 'EO价格', '申请价格保护还不行', 'EO价格', '不处理', 'EO服务']
23	['[CLS]', '刚', '买', '第', '二', '天', '就', '无', '法', '开', '机', '[SEP]']	['无法开机', 'EO硬件&性能']	['无法开机', 'EO硬件&性能']
24	['[CLS]', '总', '体', '很', '满', '意', '的', '，', '[SEP]']	['很满意', 'EO整体']	['总体', 'EA整体', '很满意', 'EO整体']
25	['[CLS]', '性', '能', '稳', '定', '！', '运', '行', '速', '度', '快', '，', '外', '观', '时', '尚', '！', '面', '板', '高', '大', '上', '！', '放', '在', '办', '公', '室', '觉', '得', '抢', '眼', '！', '[SEP]']	['性能', 'EA硬件&性能', '稳定', 'EO硬件&性能', '运行速度', 'EA硬件&性能', '快', 'SO硬件&性能', '外观', 'EA外观', '时尚', 'EO外观', '面板', 'EA外观', '高大上', 'EO外观']	['性能', 'EA硬件&性能', '稳定', 'EO硬件&性能', '运行速度', 'EA硬件&性能', '快', 'SO硬件&性能', '外观', 'EA外观', '时尚', 'EO外观', '面板', 'EA外观', '高大上', 'EO外观', '抢眼', 'EO外观']
26	['[CLS]', '收', '到', '电', '脑', '了', ' ', '试', '用', '了', '一', '下', ' ', '很', 'o', 'k', ' ', '比', '较', '流', '畅', ' ', '而', '且', '看', '起', '来', '质', '量', '也', '不', '错', '[SEP]']	['很ok', 'EO整体', '比较流畅', 'EO硬件&性能', '质量', 'EA整体', '不错', 'EO整体']	['很ok', 'EO整体', '比较流畅', 'EO硬件&性能', '质量', 'EA整体', '不错', 'EO整体']
27	['[CLS]', '马', '马', '虎', '虎', '，', '散', '热', '不', '咋', '地', '，', 'C', 'P', 'U', '温', '度', '太', '高', '，', '随', '便', '打', '开', '一', '个', '程', '序', 'C', 'P', 'U', '温', '度', '就', '达', '到', '九', '十', '多', '度', '[SEP]']	['散热', 'EA硬件&性能', '不咋地', 'EO硬件&性能', 'CPU温度', 'EA硬件&性能', '太高', 'EO硬件&性能']	['马马虎虎', 'EO整体', '散热', 'EA硬件&性能', '不咋地', 'EO硬件&性能', 'CPU温度', 'EA硬件&性能', '太高', 'EO硬件&性能']
28	['[CLS]', '这', '次', '消', '费', '是', '体', '验', '最', '最', '最', '差', '的', '一', '次', '，', '五', '月', '七', '号', '购', '买', '的', '，', '结', '果', '现', '在', '降', '价', '超', '过', '1', '0', '%', '，', '这', '么', '快', '的', '降', '价', '幅', '度', '，', '根', '本', '忽', '略', '了', '前', '面', '购', '买', '的', '用', '户', '，', '不', '公', '平', '，', '这', '次', '消', '费', '体', '验', '非', '常', '的', '不', '悦', '。', '[SEP]']	['降价', 'EO价格', '降价', 'EO价格']	['降价', 'EO价格']
29	['[CLS]', '好', '评', '。', '超', '级', '漂', '亮', '的', '一', '款', '本', '本', '，', '店', '家', '也', '很', '棒', '[SEP]']	['好评', 'EO整体', '超级漂亮', 'EO外观', '店家', 'EA服务', '很棒', 'EO服务']	['好评', 'EO整体', '超级漂亮', 'EO外观', '店家', 'EA服务', '很棒', 'EO服务']
30	['[CLS]', '不', '带', '电', '脑', '包', '，', '鼠', '标', '和', '鼠', '标', '垫', '，', '从', '自', '带', '应', '用', '商', '店', '上', '下', '载', '软', '件', '特', '别', '慢', '，', '非', '常', '不', '好', '的', '体', '验', '！', '[SEP]']	['鼠标', 'EA硬件&性能', '下载软件', 'EA使用场景', '特别慢', 'EO使用场景']	['下载软件', 'EA软件&性能', '特别慢', 'EO软件&性能']
31	['[CLS]', '赠', '品', '没', '有', '了', '，', '联', '系', '客', '服', '就', '说', '没', '了', '就', '没', '了', '[SEP]']	['赠品', 'EA价格', '没有', 'EO价格']	['赠品', 'EA价格', '没有', 'EO价格']
32	['[CLS]', '质', '量', '很', '好', '，', '运', '行', '速', '度', '很', '快', '，', '很', '流', '畅', '，', '满', '意', '[SEP]']	['质量', 'EA整体', '很好', 'EO整体', '运行速度', 'EA硬件&性能', '很快', 'EO硬件&性能', '很流畅', 'EO硬件&性能', '满意', 'EO整体']	['质量', 'EA整体', '很好', 'EO整体', '运行速度', 'EA硬件&性能', '很快', 'EO硬件&性能', '很流畅', 'EO硬件&性能', '满意', 'EO整体']
33	['[CLS]', '感', '觉', '像', '是', '翻', '新', '的', '，', '才', '用', '一', '个', '月', '就', '卡', '。', '边', '边', '还', '脱', '皮', '了', '。', '*', '*', '太', '无', '语', '了', '[SEP]']	['脱皮了', 'EO外观']	['像是翻新的', 'EO真伪', '卡', 'SO硬件&性能', '脱皮', 'EO外观']
34	['[CLS]', '*', '*', '物', '流', '值', '得', '给', '五', '星', '，', '机', '子', '也', '不', '错', '，', '就', '是', '这', '包', '装', '，', '一', '裸', '机', '这', '样', '放', '里', '面', '？', '好', '歹', '也', '是', '3', '0', '0', '0', '多', '块', '钱', '的', '东', '西', '，', '你', '们', '不', '知', '道', '分', '拣', '员', '不', '会', '小', '心', '轻', '放', '的', '？', '[SEP]']	['物流', 'EA物流', '不错', 'EO整体', '包装', 'EA包装']	['物流', 'EA物流', '值得给五星', 'EO物流', '不错', 'EO整体', '包装', 'EA包装']
35	['[CLS]', '很', '好', '，', '颜', '值', '很', '高', '，', '物', '流', '也', '很', '快', '，', '客', '服', '威', '震', '天', '态', '度', '和', '效', '率', '都', '不', '错', '。', '正', '在', '尝', '试', '玩', '游', '戏', '如', '何', '[SEP]']	['很好', 'EO整体', '颜值', 'EA外观', '很高', 'EO外观', '物流', 'EA物流', '很快', 'EO物流', '客服威震天态度', 'EA服务', '不错', 'EO服务']	['很好', 'EO整体', '颜值', 'EA外观', '很高', 'EO外观', '物流', 'EA物流', '很快', 'EO物流', '态度', 'EA服务', '效率', 'EA服务', '不错', 'EO服务']
36	['[CLS]', '好', '用', '，', '速', '度', '快', '，', '画', '面', '清', '晰', '，', '不', '刺', '眼', '，', '大', '小', '也', '正', '合', '适', '买', '对', '了', '[SEP]']	['好用', 'EO整体', '速度', 'EA硬件&性能', '快', 'SO硬件&性能', '画面', 'EA硬件&性能', '清晰', 'EO硬件&性能', '不刺眼', 'EO硬件&性能', '大小', 'EA外观', '正合适', 'EO外观']	['好用', 'EO整体', '速度', 'EA硬件&性能', '快', 'SO硬件&性能', '画面', 'EA硬件&性能', '清晰', 'EO硬件&性能', '不刺眼', 'EO硬件&性能', '大小', 'EA外观', '正合适', 'EO外观']
37	['[CLS]', '用', '了', '几', '天', '，', '外', '壳', '一', '直', '有', '静', '电', '[SEP]']	['外壳', 'EA外观', '有静电', 'EO外观']	['外壳', 'EA外观', '一直有静电', 'EO外观']
38	['[CLS]', '运', '行', '速', '度', '有', '点', '小', '卡', '，', '基', '本', '能', '说', '得', '过', '去', '，', '对', '不', '起', '这', '价', '格', '和', '这', '品', '牌', '。', '价', '格', '能', '说', '变', '就', '变', '，', '还', '特', '意', '弄', '了', '个', 'P', 'L', 'U', 'S', '，', '哎', '，', '坑', '坑', '坑', '坑', '。', '[SEP]']	['运行速度', 'EA硬件&性能', '有点小卡', 'EO硬件&性能', '价格', 'EA价格', '说变就变', 'EO价格']	['运行速度', 'EA硬件&性能', '有点小卡', 'EO硬件&性能', '价格', 'EA价格', '说变就变', 'EO价格']
39	['[CLS]', '宣', '传', '从', '1', '号', '开', '始', '6', '1', '8', '活', '动', '，', '结', '果', '活', '动', '还', '没', '结', '束', '，', '就', '降', '价', '，', '罔', '顾', '前', '期', '购', '买', '客', '户', '感', '受', '，', '差', '评', '！', '[SEP]']	['降价', 'EO价格', '差评', 'EO整体']	['降价', 'EO价格', '差评', 'EO整体']
40	['[CLS]', '收', '到', '货', '很', '喜', '欢', '，', '可', '以', '查', '我', '须', '要', '的', '东', '西', '，', '很', '方', '便', '[SEP]']	['很喜欢', 'EO整体', '很方便', 'EO整体']	['很喜欢', 'EO整体', '很方便', 'EO整体']
41	['[CLS]', '收', '到', '有', '几', '天', '了', '，', '开', '机', '很', '快', '，', '运', '行', '也', '不', '错', '的', '，', '值', '[SEP]']	['开机', 'EA硬件&性能', '很快', 'EO硬件&性能', '运行', 'EA硬件&性能', '不错', 'EO硬件&性能']	['开机', 'EA硬件&性能', '很快', 'EO硬件&性能', '运行', 'EA硬件&性能', '不错', 'EO硬件&性能', '值', 'SO价格']
42	['[CLS]', '表', '示', '是', '一', '场', '很', '不', '愉', '快', '的', '购', '物', '体', '验', '，', '没', '多', '久', '居', '然', '降', '价', '*', '多', '，', '电', '脑', '打', '开', '大', '点', '的', '表', '格', '，', '经', '常', '死', '机', '，', '很', '是', '郁', '闷', '[SEP]']	['降价', 'EO价格', '经常死机', 'EO硬件&性能']	['降价', 'EO价格', '经常死机', 'EO硬件&性能']
43	['[CLS]', '其', '他', '挺', '好', '，', '就', '是', '字', '体', '显', '示', '有', '点', '模', '糊', '[SEP]']	['挺好', 'EO整体', '字体', 'EA硬件&性能', '有点模糊', 'EO硬件&性能']	['挺好', 'EO整体', '字体显示', 'EA硬件&性能', '有点模糊', 'EO硬件&性能']
44	['[CLS]', '这', '款', '电', '脑', '屏', '幕', '清', '晰', '，', '质', '量', '又', '好', '不', '比', '实', '体', '店', '的', '差', '，', '这', '次', '购', '物', '很', '满', '意', '[SEP]']	['屏幕', 'EA硬件&性能', '清晰', 'EO硬件&性能', '质量', 'EA整体', '好', 'SO整体', '很满意', 'EO整体']	['屏幕', 'EA硬件&性能', '清晰', 'EO硬件&性能', '质量', 'EA整体', '好', 'SO整体']
45	['[CLS]', '电', '脑', '性', '能', '很', '好', '，', '运', '行', '很', '流', '畅', '，', '画', '面', '质', '感', '清', '晰', '，', '外', '观', '很', '高', '档', '。', '[SEP]']	['性能', 'EA硬件&性能', '很好', 'EO硬件&性能', '运行', 'EA硬件&性能', '很流畅', 'EO硬件&性能', '画面质感', 'EA硬件&性能', '清晰', 'EO硬件&性能', '外观', 'EA外观', '很高档', 'EO外观']	['性能', 'EA硬件&性能', '很好', 'EO硬件&性能', '运行', 'EA硬件&性能', '很流畅', 'EO硬件&性能', '画面质感', 'EA硬件&性能', '清晰', 'EO硬件&性能', '外观', 'EA外观', '很高档', 'EO外观']
46	['[CLS]', '还', '不', '知', '道', '好', '不', '好', '用', '，', '但', '是', '包', '装', '真', '的', '是', '差', '[SEP]']	['好不好用', 'EO整体', '包装', 'EA包装', '真的是差', 'EO包装']	['包装', 'EA包装', '真的是差', 'EO包装']
47	['[CLS]', '卡', '[SEP]']	['卡', 'SO使用场景']	['卡', 'SO硬件&性能']
48	['[CLS]', '服', '务', '太', '差', '，', '霸', '王', '条', '款', '多', '，', '不', '会', '再', '续', '费', '会', '员', '[SEP]']	['服务', 'EA服务', '太差', 'EO服务']	['服务', 'EA服务', '太差', 'EO服务']
49	['[CLS]', '电', '脑', '性', '能', '不', '错', '，', '回', '来', '试', '了', '二', '天', '，', '不', '卡', '按', '键', '反', '应', '灵', '敏', '，', '很', '喜', '欢', '，', '而', '且', '价', '格', '也', '不', '贵', '，', '值', '得', '购', '买', '[SEP]']	['性能', 'EA硬件&性能', '不错', 'EO硬件&性能', '不卡', 'EO硬件&性能', '按键反应', 'EA硬件&性能', '灵敏', 'EO硬件&性能', '很喜欢', 'EO整体', '价格', 'EA价格', '不贵', 'EO价格']	['性能', 'EA硬件&性能', '不错', 'EO硬件&性能', '不卡', 'EO硬件&性能', '按键反应', 'EA硬件&性能', '灵敏', 'EO硬件&性能', '很喜欢', 'EO整体', '价格', 'EA价格', '不贵', 'EO价格']
50	['[CLS]', '很', '不', '错', '呀', '～', '这', '个', '价', '格', '真', '心', '不', '错', '～', '物', '美', '价', '廉', '，', '是', '正', '品', '呢', '！', '办', '公', '游', '戏', '都', '不', '错', '呀', '～', '[SEP]']	['很不错', 'EO整体', '价格', 'EA价格', '真心不错', 'EO价格', '物美价廉', 'EO价格', '是正品', 'EO真伪', '办公', 'EA使用场景', '不错', 'EO使用场景']	['很不错', 'EO整体', '价格', 'EA价格', '真心不错', 'EO价格', '物美价廉', 'EO价格', '是正品', 'EO真伪', '办公', 'EA使用场景', '游戏', 'EA使用场景', '不错', 'EO使用场景']
51	['[CLS]', '好', '好', '好', '[SEP]']	['好好好', 'EO整体']	['好', 'SO整体']
52	['[CLS]', '属', '于', '自', '己', '的', '第', '一', '个', '本', '本', '轻', '薄', '这', '个', '大', '小', '很', '轻', '了', '携', '带', '还', '算', '方', '便', '毕', '竟', '新', '手', '问', '了', '客', '服', '好', '多', '问', '题', '都', '有', '耐', '心', '回', '答', '，', '开', '机', '很', '快', '，', '屏', '幕', '清', '楚', '，', '蛮', '划', '算', '的', ' ', ' ', '[SEP]']	['大小', 'EA外观', '很轻', 'EO外观', '携带', 'EA外观', '算方便', 'EO外观', '客服', 'EA服务', '有耐心回答', 'EO服务', '开机', 'EA硬件&性能', '很快', 'EO硬件&性能', '屏幕', 'EA硬件&性能', '清楚', 'EO硬件&性能', '蛮划算', 'EO价格']	['轻薄', 'EO外观', '很轻', 'EO外观', '携带', 'EA外观', '还算方便', 'EO外观', '客服', 'EA服务', '有耐心', 'EO服务', '开机', 'EA硬件&性能', '很快', 'EO硬件&性能', '屏幕', 'EA硬件&性能', '清楚', 'EO硬件&性能', '蛮划算的', 'EO价格']
53	['[CLS]', '收', '到', '了', '很', '满', '意', '，', '电', '脑', '运', '行', '很', '流', '畅', '不', '会', '卡', '网', '，', '各', '方', '面', '性', '能', '都', '很', '好', '，', '价', '格', '实', '惠', '买', '得', '很', '划', '算', '。', '[SEP]']	['很满意', 'EO整体', '运行', 'EA硬件&性能', '很流畅', 'EO硬件&性能', '不会卡网', 'EO硬件&性能', '性能', 'EA硬件&性能', '很好', 'EO硬件&性能', '价格', 'EA价格', '实惠', 'EO价格', '很划算', 'EO价格']	['很满意', 'EO整体', '运行', 'EA硬件&性能', '很流畅', 'EO硬件&性能', '不会卡网', 'EO硬件&性能', '性能', 'EA硬件&性能', '很好', 'EO硬件&性能', '价格', 'EA价格', '实惠', 'EO价格', '很划算', 'EO价格']
54	['[CLS]', '电', '脑', '会', '莫', '名', '死', '机', '，', '卡', '顿', '严', '重', '，', '不', '建', '议', '购', '买', '。', '想', '入', '手', '者', '慎', '重', '考', '虑', '！', '！', '！', '[SEP]']	['莫名死机', 'EO硬件&性能', '卡顿严重', 'EO硬件&性能']	['死机', 'EO硬件&性能', '卡顿严重', 'EO硬件&性能']
55	['[CLS]', '性', '能', '很', '好', '，', '很', '满', '意', '，', '自', '己', '很', '喜', '欢', '，', '下', '次', '还', '会', '光', '临', '的', '[SEP]']	['性能', 'EA硬件&性能', '很好', 'EO硬件&性能', '很满意', 'EO整体', '很喜欢', 'EO整体']	['性能', 'EA硬件&性能', '很好', 'EO硬件&性能', '很满意', 'EO整体', '很喜欢', 'EO整体']
56	['[CLS]', '宝', '贝', '用', '了', '几', '天', '，', '感', '觉', '还', '不', '错', '，', '挺', '流', '畅', '的', '，', '好', '评', '！', '[SEP]']	['还不错', 'EO整体', '挺流畅的', 'EO硬件&性能', '好评', 'EO整体']	['还不错', 'EO整体', '挺流畅的', 'EO硬件&性能', '好评', 'EO整体']
57	['[CLS]', '宝', '贝', '收', '到', '了', '，', '外', '观', '漂', '亮', '，', '屏', '显', '清', '晰', '，', '运', '行', '快', '，', '噪', '音', '小', '，', '质', '量', '不', '错', '，', '好', '评', '。', '[SEP]']	['外观', 'EA外观', '漂亮', 'EO外观', '屏显', 'EA硬件&性能', '清晰', 'EO硬件&性能', '运行', 'EA硬件&性能', '快', 'SO硬件&性能', '噪音', 'EA硬件&性能', '小', 'SO硬件&性能', '质量', 'EA整体', '不错', 'EO整体', '好评', 'EO整体']	['外观', 'EA外观', '漂亮', 'EO外观', '屏显', 'EA硬件&性能', '清晰', 'EO硬件&性能', '运行', 'EA硬件&性能', '快', 'SO硬件&性能', '噪音', 'EA硬件&性能', '小', 'SO硬件&性能', '质量', 'EA整体', '不错', 'EO整体', '好评', 'EO整体']
58	['[CLS]', '电', '脑', '外', '观', '不', '错', '，', '但', '就', '唯', '一', '不', '好', '的', '是', '电', '脑', '充', '电', '发', '热', '的', '厉', '害', '而', '且', '风', '扇', '散', '热', '慢', '还', '大', '声', '[SEP]']	['外观', 'EA外观', '不错', 'EO外观', '发热', 'EA硬件&性能', '风扇散热', 'EA硬件&性能', '慢', 'SO硬件&性能', '大声', 'EO硬件&性能']	['外观', 'EA外观', '不错', 'EO外观', '充电', 'EA硬件&性能', '发热的厉害', 'EO硬件&性能', '风扇散热', 'EA硬件&性能', '慢', 'SO硬件&性能', '大声', 'EO硬件&性能']
59	['[CLS]', '电', '脑', '外', '观', '小', '巧', '精', '致', '，', '图', '像', '清', '晰', '，', '网', '速', '流', '畅', '，', '好', '评', '！', '[SEP]']	['外观', 'EA外观', '小巧精致', 'EO外观', '图像', 'EA硬件&性能', '清晰', 'EO硬件&性能', '网速', 'EA硬件&性能', '流畅', 'EO硬件&性能', '好评', 'EO整体']	['外观', 'EA外观', '小巧精致', 'EO外观', '图像', 'EA硬件&性能', '清晰', 'EO硬件&性能', '网速', 'EA硬件&性能', '流畅', 'EO硬件&性能', '好评', 'EO整体']
60	['[CLS]', '开', '机', '关', '机', '很', '快', '，', '开', 'P', 'P', 'T', '慢', '一', '点', '，', '其', '他', '还', '不', '错', '[SEP]']	['开机关机', 'EA硬件&性能', '很快', 'EO硬件&性能', '开PPT', 'EA硬件&性能', '慢一点', 'EO硬件&性能', '还不错', 'EO整体']	['开机关机', 'EA硬件&性能', '很快', 'EO硬件&性能', '开PPT', 'EA软件&性能', '慢一点', 'EO软件&性能', '还不错', 'EO整体']
61	['[CLS]', '建', '议', '*', '*', '不', '要', '再', '卖', '这', '款', '机', '器', '了', '，', '问', '题', '特', '别', '大', '，', '首', '先', '主', '板', '坏', '的', '概', '率', '大', '，', '其', '次', '屏', '幕', '花', '屏', '，', '遇', '到', '好', '几', '个', '这', '样', '的', '问', '题', '，', '售', '后', '处', '理', '的', '无', '语', '，', '会', '影', '响', '*', '*', '*', '*', '*', '*', '*', '*', '的', '整', '体', '口', '碑', '[SEP]']	['特别大', 'EO整体', '主板', 'EA硬件&性能', '坏的', 'EO硬件&性能', '大', 'SO硬件&性能', '屏幕', 'EA硬件&性能', '花屏', 'EO硬件&性能', '售后处理', 'EA服务', '的无语', 'EO服务']	['问题特别大', 'EO整体', '主板', 'EA硬件&性能', '坏的概率大', 'EO硬件&性能', '屏幕', 'EA硬件&性能', '花屏', 'EO硬件&性能', '售后', 'EA服务', '处理的无语', 'EO服务']
62	['[CLS]', '垃', '圾', '中', '的', '战', '斗', '机', '，', '屏', '幕', '不', '清', '晰', '，', '反', '光', '，', '反', '应', '速', '度', '还', '可', '以', '，', '开', '机', '时', '间', '长', '，', '后', '悔', '.', '.', '.', '.', '.', '.', '.', '.', '.', '[SEP]']	['屏幕', 'EA硬件&性能', '不清晰', 'EO硬件&性能', '反光', 'EO硬件&性能', '反应速度', 'EA硬件&性能', '还可以', 'EO硬件&性能', '开机时间', 'EA硬件&性能', '长', 'SO硬件&性能']	['垃圾', 'EO整体', '屏幕', 'EA硬件&性能', '不清晰', 'EO硬件&性能', '反光', 'EO硬件&性能', '反应速度', 'EA硬件&性能', '还可以', 'EO硬件&性能', '开机时间', 'EA硬件&性能', '长', 'SO硬件&性能']
63	['[CLS]', '电', '脑', '很', '好', '用', '，', '非', '常', '的', '喜', '欢', '，', '打', '游', '戏', '看', '电', '影', '一', '点', '都', '不', '卡', '，', '还', '是', '双', '系', '统', '哦', '！', '棒', '棒', '的', '！', '[SEP]']	['很好用', 'EO整体', '非常的喜欢', 'EO整体', '打游戏', 'EA使用场景', '看电影', 'EA使用场景', '一点都不卡', 'EO使用场景', '棒棒的', 'EO整体']	['很好用', 'EO整体', '非常的喜欢', 'EO整体', '打游戏', 'EA使用场景', '看电影', 'EA使用场景', '一点都不卡', 'EO使用场景', '双系统', 'EO软件&性能', '棒棒的', 'EO整体']
64	['[CLS]', '没', '有', '其', '他', '任', '何', '东', '西', '就', '一', '个', '电', '脑', '，', '连', '个', '电', '脑', '包', '跟', '鼠', '标', '都', '不', '给', '配', '的', '，', '体', '验', '极', '差', '[SEP]']	['鼠标', 'EA硬件&性能', '不给配', 'EO硬件&性能', '体验', 'EA整体', '极差', 'EO整体']	['体验极差', 'EO整体']
65	['[CLS]', '配', '置', '很', '高', '，', '外', '观', '很', '好', '看', '，', '玩', '游', '戏', '一', '点', '都', '不', '卡', '，', '己', '安', '装', '，', '点', '赞', '[SEP]']	['配置', 'EA硬件&性能', '很高', 'EO硬件&性能', '外观', 'EA外观', '很好看', 'EO外观', '玩游戏', 'EA使用场景', '一点都不卡', 'EO使用场景']	['配置', 'EA硬件&性能', '很高', 'EO硬件&性能', '外观', 'EA外观', '很好看', 'EO外观', '玩游戏', 'EA使用场景', '一点都不卡', 'EO使用场景']
66	['[CLS]', '电', '脑', '价', '格', '便', '宜', ' ', '普', '通', '看', '看', '电', '影', '什', '么', '没', '什', '么', '问', '题', ' ', '颜', '色', '也', '好', '看', ' ', ' ', '希', '望', '耐', '用', '一', '点', ' ', ' ', '售', '后', '有', '保', '障', '就', '行', '。', '[SEP]']	['价格', 'EA价格', '便宜', 'EO价格', '颜色', 'EA外观', '好看', 'EO外观', '售后', 'EA服务', '有保障', 'EO服务']	['价格', 'EA价格', '便宜', 'EO价格', '看看电影', 'EA使用场景', '没什么问题', 'EO使用场景', '颜色', 'EA外观', '好看', 'EO外观']
67	['[CLS]', '还', '可', '以', '，', '不', '错', '，', '物', '有', '所', '值', '[SEP]']	['还可以', 'EO整体', '不错', 'EO整体', '物有所值', 'EO价格']	['还可以', 'EO整体', '不错', 'EO整体', '物有所值', 'EO价格']
68	['[CLS]', '电', '脑', '外', '观', '造', '型', '时', '尚', '，', '速', '度', '也', '快', '，', '就', '是', '容', '易', '发', '热', '[SEP]']	['外观造型', 'EA外观', '时尚', 'EO外观', '速度', 'EA硬件&性能', '也快', 'EO硬件&性能', '容易发热', 'EO硬件&性能']	['外观造型', 'EA外观', '时尚', 'EO外观', '速度', 'EA硬件&性能', '也快', 'EO硬件&性能', '容易发热', 'EO硬件&性能']
69	['[CLS]', '接', '口', '太', '紧', '了', '[SEP]']	['接口', 'EA硬件&性能', '太紧了', 'EO硬件&性能']	['接口', 'EA硬件&性能', '太紧了', 'EO硬件&性能']
70	['[CLS]', '电', '脑', '收', '到', '了', '，', '外', '形', '看', '上', '去', '很', '不', '错', '，', '打', '开', '试', '了', '一', '下', '，', '开', '机', '速', '度', '很', '快', '。', '[SEP]']	['外形', 'EA外观', '很不错', 'EO外观', '开机速度', 'EA硬件&性能', '很快', 'EO硬件&性能']	['外形', 'EA外观', '很不错', 'EO外观', '开机速度', 'EA硬件&性能', '很快', 'EO硬件&性能']
71	['[CLS]', '宝', '贝', '刚', '入', '手', '，', '感', '觉', '还', '不', '错', '！', '运', '行', '可', '以', '[SEP]']	['还不错', 'EO整体', '运行', 'EA硬件&性能', '可以', 'EO硬件&性能']	['还不错', 'EO整体', '运行', 'EA硬件&性能', '可以', 'EO硬件&性能']
72	['[CLS]', '电', '脑', '收', '到', '了', '，', '开', '心', '！', '和', '描', '述', '的', '一', '样', '，', '而', '且', '包', '装', '很', '严', '实', '，', '没', '有', '损', '伤', '，', '以', '后', '带', '出', '去', '就', '方', '便', '了', '！', '[SEP]']	['包装', 'EA包装', '很严实', 'EO包装', '没有损伤', 'EO包装']	['开心', 'EO整体', '包装', 'EA包装', '很严实', 'EO包装', '没有损伤', 'EO包装', '方便', 'EO外观']
73	['[CLS]', '电', '脑', '外', '观', '很', '漂', '亮', '，', '用', '了', '几', '天', '没', '感', '觉', '什', '么', '不', '好', '的', '！', '[SEP]']	['外观', 'EA外观', '很漂亮', 'EO外观']	['外观', 'EA外观', '很漂亮', 'EO外观', '没感觉什么不好', 'EO整体']
74	['[CLS]', '电', '脑', '性', '能', '特', '别', '好', ' ', '外', '观', '很', '好', '看', ' ', '声', '音', '挺', '大', '的', ' ', '键', '盘', '摸', '起', '来', '挺', '舒', '服', '的', ' ', '价', '格', '也', '还', '适', '中', '挺', '好', '的', '[SEP]']	['性能', 'EA硬件&性能', '特别好', 'EO硬件&性能', '外观', 'EA外观', '很好看', 'EO外观', '声音', 'EA硬件&性能', '挺大的', 'EO硬件&性能', '键盘', 'EA硬件&性能', '挺舒服的', 'EO硬件&性能', '价格', 'EA价格', '适中', 'EO价格', '挺好的', 'EO价格']	['性能', 'EA硬件&性能', '特别好', 'EO硬件&性能', '外观', 'EA外观', '很好看', 'EO外观', '声音', 'EA硬件&性能', '挺大的', 'EO硬件&性能', '键盘', 'EA硬件&性能', '挺舒服的', 'EO硬件&性能', '价格', 'EA价格', '适中', 'EO价格', '挺好的', 'EO整体']
75	['[CLS]', '鼠', '标', '触', '摸', '盘', '感', '觉', '松', '，', '滑', '动', '鼠', '标', '有', '滴', '答', '滴', '答', '声', '，', '其', '他', '还', '行', '[SEP]']	['鼠标触摸盘', 'EA硬件&性能', '松', 'SO硬件&性能', '鼠标', 'EA硬件&性能', '滴答滴答声', 'EO硬件&性能', '还行', 'EO整体']	['鼠标触摸盘', 'EA硬件&性能', '感觉松', 'EO硬件&性能']
76	['[CLS]', '破', '电', '脑', ' ', ' ', '老', '是', '蓝', '屏', ' ', '才', '用', '半', '个', '多', '月', '[SEP]']	['老是蓝屏', 'EO硬件&性能']	['老是蓝屏', 'EO硬件&性能']
77	['[CLS]', '不', '给', '保', '价', '[SEP]']	[]	['不给保价', 'EO价格']
78	['[CLS]', '今', '天', '刚', '收', '到', '，', '刚', '刚', '拆', '开', '看', '了', '一', '下', '颜', '色', '和', '手', '感', '都', '不', '错', '，', '用', '了', '之', '后', '再', '来', '追', '评', '[SEP]']	['颜色', 'EA外观', '手感', 'EA外观', '不错', 'EO外观']	['颜色', 'EA外观', '手感', 'EA外观', '不错', 'EO外观']
79	['[CLS]', '性', '能', '好', ' ', ' ', '很', '好', '用', '[SEP]']	['性能', 'EA硬件&性能', '好', 'SO硬件&性能', '很好用', 'EO整体']	['性能', 'EA硬件&性能', '好', 'SO硬件&性能', '很好用', 'EO整体']
80	['[CLS]', '不', '错', '，', '屏', '幕', '够', '大', '，', '看', '什', '么', '都', '清', '楚', '，', '很', '适', '合', '我', '[SEP]']	['不错', 'EO整体', '屏幕', 'EA硬件&性能', '够大', 'EO硬件&性能']	['不错', 'EO整体', '屏幕', 'EA硬件&性能', '够大', 'EO硬件&性能']
81	['[CLS]', '笔', '记', '本', '电', '脑', '收', '到', '了', '，', '美', '观', '大', '方', '，', '很', '好', '用', '，', '使', '用', '很', '顺', '畅', '，', '满', '意', '[SEP]']	['美观大方', 'EO外观', '很好用', 'EO整体', '使用', 'EA使用场景', '很顺畅', 'EO使用场景', '满意', 'EO整体']	['美观大方', 'EO外观', '很好用', 'EO整体', '很顺畅', 'EO硬件&性能', '满意', 'EO整体']
82	['[CLS]', '电', '脑', '质', '量', '不', '错', '，', '网', '速', '快', '，', '下', '载', '东', '西', '不', '卡', '顿', '，', '颜', '色', '也', '大', '气', '，', '屏', '幕', '分', '辨', '率', '也', '清', '晰', '，', '很', '喜', '欢', '[SEP]']	['质量', 'EA整体', '不错', 'EO整体', '网速', 'EA硬件&性能', '快', 'SO硬件&性能', '下载东西', 'EA使用场景', '不卡顿', 'EO使用场景', '颜色', 'EA外观', '大气', 'EO外观', '屏幕分辨率', 'EA硬件&性能', '清晰', 'EO硬件&性能', '很喜欢', 'EO整体']	['质量', 'EA整体', '不错', 'EO整体', '网速', 'EA硬件&性能', '快', 'SO硬件&性能', '下载东西', 'EA使用场景', '不卡顿', 'EO使用场景', '颜色', 'EA外观', '大气', 'EO外观', '屏幕分辨率', 'EA硬件&性能', '清晰', 'EO硬件&性能', '很喜欢', 'EO整体']
83	['[CLS]', '帮', '同', '事', '买', '的', '，', '关', '键', '是', '刚', '买', '完', '就', '降', '价', '4', '0', '0', '元', '。', '换', '了', '谁', '都', '郁', '闷', '！', '第', '一', '次', '给', '一', '颗', '星', '～', '[SEP]']	['降价', 'EO价格', '一颗星', 'EO整体']	['刚买完就降价', 'EO价格']
84	['[CLS]', '看', '电', '影', '都', '发', '烫', '吗', '[SEP]']	['看电影', 'EA使用场景', '发烫', 'EO使用场景']	['看电影', 'EA使用场景', '发烫', 'EO使用场景']
85	['[CLS]', '第', '一', '次', '上', '船', '，', '感', '觉', '还', '是', '不', '错', '的', '[SEP]']	['不错', 'EO整体']	['不错', 'EO整体']
86	['[CLS]', '速', '度', '快', '，', '性', '能', '好', '，', '推', '荐', '买', '他', '家', '，', '比', '较', '好', '[SEP]']	['速度', 'EA硬件&性能', '快', 'SO硬件&性能', '性能', 'EA硬件&性能', '好', 'SO硬件&性能', '比较好', 'EO整体']	['速度', 'EA硬件&性能', '快', 'SO硬件&性能', '性能', 'EA硬件&性能', '好', 'SO硬件&性能', '比较好', 'EO整体']
87	['[CLS]', '外', '观', '还', '行', '，', '散', '热', '一', '般', '比', '较', '容', '易', '发', '烫', '，', '用', '了', '一', '段', '时', '间', '发', '现', '屏', '幕', '上', '面', '有', '白', '色', '的', '东', '西', '残', '留', '[SEP]']	['外观', 'EA外观', '还行', 'EO外观', '散热', 'EA硬件&性能', '一般', 'EO硬件&性能', '屏幕', 'EA硬件&性能']	['外观', 'EA外观', '还行', 'EO外观', '散热', 'EA硬件&性能', '比较容易发烫', 'EO硬件&性能', '屏幕', 'EA硬件&性能', '有白色的东西', 'EO硬件&性能']
88	['[CLS]', '很', '漂', '亮', '！', '是', '我', '喜', '欢', '的', '款', '式', '！', '开', '机', '显', '示', '很', '快', '！', '打', '西', '游', '习', '看', '效', '果', '了', '！', '走', '！', '[SEP]']	['很漂亮', 'EO外观', '喜欢', 'EO外观', '款式', 'EA外观', '开机显示', 'EA硬件&性能', '很快', 'EO硬件&性能', '打西游', 'EA使用场景']	['很漂亮', 'EO外观', '喜欢', 'EO外观', '款式', 'EA外观', '开机显示', 'EA硬件&性能', '很快', 'EO硬件&性能']
89	['[CLS]', '电', '脑', '非', '常', '好', '，', '性', '价', '比', '超', '值', '[SEP]']	['非常好', 'EO整体', '性价比', 'EA价格', '超值', 'EO价格']	['非常好', 'EO整体', '性价比', 'EA价格', '超值', 'EO价格']
90	['[CLS]', '非', '常', '好', '，', '服', '务', '态', '度', '也', '好', '，', '很', '满', '意', '购', '物', '！', '[SEP]']	['非常好', 'EO整体', '服务态度', 'EA服务', '也好', 'EO服务']	['非常好', 'EO整体', '服务态度', 'EA服务', '也好', 'EO服务', '很满意', 'EO整体']
91	['[CLS]', '电', '脑', '性', '能', '很', '好', '，', '操', '作', '很', '流', '畅', '，', '没', '有', '明', '显', '的', '瑕', '疵', '。', '[SEP]']	['性能', 'EA硬件&性能', '很好', 'EO硬件&性能', '操作', 'EA使用场景', '很流畅', 'EO使用场景', '没有明显的瑕疵', 'EO整体']	['性能', 'EA硬件&性能', '很好', 'EO硬件&性能', '操作', 'EA使用场景', '很流畅', 'EO使用场景']
92	['[CLS]', '刚', '买', '东', '西', ' ', '客', '服', '就', '不', '理', '人', '了', ' ', '说', '的', '赠', '品', '也', '没', '有', ' ', '还', '拉', '黑', '啊', '！', '[SEP]']	['客服', 'EA服务', '不理人了', 'EO服务', '赠品', 'EA价格', '没有', 'EO价格']	['客服', 'EA服务', '不理人', 'EO服务', '赠品', 'EA价格', '没有', 'EO价格']
93	['[CLS]', '外', '观', '很', '漂', '亮', '，', '超', '薄', '的', '，', '方', '便', '携', '带', '，', '性', '能', '好', '，', '速', '度', '快', '，', '非', '常', '满', '意', '[SEP]']	['外观', 'EA外观', '很漂亮', 'EO外观', '超薄的', 'EO外观', '方便携带', 'EO外观', '性能', 'EA硬件&性能', '好', 'SO硬件&性能', '速度', 'EA硬件&性能', '快', 'SO硬件&性能', '非常满意', 'EO整体']	['外观', 'EA外观', '很漂亮', 'EO外观', '超薄', 'EO外观', '方便携带', 'EO外观', '性能', 'EA硬件&性能', '好', 'SO硬件&性能', '速度', 'EA硬件&性能', '快', 'SO硬件&性能', '非常满意', 'EO整体']
94	['[CLS]', '声', '音', '比', '较', '大', '[SEP]']	['声音', 'EA硬件&性能', '比较大', 'EO硬件&性能']	['声音', 'EA硬件&性能', '比较大', 'EO硬件&性能']
95	['[CLS]', '买', '了', '几', '天', '就', '又', '降', '价', '，', '而', '且', '除', '了', '电', '脑', '什', '么', '也', '没', '有', '，', '以', '后', '还', '是', '得', '去', '实', '体', '店', '买', '[SEP]']	['降价', 'EO价格']	['买了几天就又降价', 'EO价格']
96	['[CLS]', '垃', '圾', '电', '脑', '，', '不', '值', '这', '个', '价', '。', '[SEP]']	['垃圾', 'EO整体', '不值这个价', 'EO价格']	['垃圾', 'EO整体', '不值这个价', 'EO价格']
97	['[CLS]', '显', '卡', '效', '果', '：', '效', '果', '不', '错', ' ', '电', '脑', '性', '能', '：', '流', '畅', '到', '爆', '炸', ' ', '性', '价', '比', '超', '高', '[SEP]']	['效果', 'EA硬件&性能', '不错', 'EO硬件&性能', '性能', 'EA硬件&性能', '流畅到爆炸', 'EO硬件&性能', '性价比', 'EA价格', '超高', 'EO价格']	['显卡效果', 'EA硬件&性能', '不错', 'EO硬件&性能', '性能', 'EA硬件&性能', '流畅到爆炸', 'EO硬件&性能', '性价比', 'EA价格', '超高', 'EO价格']
98	['[CLS]', '到', '了', '两', '天', '了', '，', '用', '起', '来', '不', '错', '，', '很', '棒', '！', '[SEP]']	['不错', 'EO整体', '很棒', 'EO整体']	['不错', 'EO整体', '很棒', 'EO整体']
99	['[CLS]', '超', '级', '完', '美', '的', '一', '次', '购', '物', '，', '性', '价', '比', '高', '，', '游', '戏', '不', '卡', '不', '顿', '，', '外', '观', '也', '特', '别', '好', '看', '，', '非', '常', '推', '荐', '大', '家', '购', '买', '[SEP]']	['性价比', 'EA价格', '高', 'SO价格', '游戏', 'EA使用场景', '不卡', 'EO使用场景', '外观', 'EA外观', '特别好看', 'EO外观']	['性价比', 'EA价格', '高', 'SO价格', '游戏', 'EA使用场景', '不卡不顿', 'EO使用场景', '外观', 'EA外观', '特别好看', 'EO外观']
100	['[CLS]', '电', '脑', '特', '别', '好', '用', '，', '画', '面', '清', '晰', '度', '也', '很', '好', '，', '这', '个', '价', '格', '特', '别', '值', '[SEP]']	['特别好用', 'EO整体', '画面清晰度', 'EA硬件&性能', '很好', 'EO硬件&性能', '价格', 'EA价格', '特别值', 'EO价格']	['特别好用', 'EO整体', '画面清晰度', 'EA硬件&性能', '很好', 'EO硬件&性能', '价格', 'EA价格', '特别值', 'EO价格']
101	['[CLS]', '深', '空', '灰', '也', '挺', '好', '看', '的', '，', '用', '了', '一', '段', '时', '间', '，', '感', '觉', '挺', '流', '畅', '的', '，', '跑', '了', '个', '分', '，', '也', '不', '错', '。', '[SEP]']	['挺好看的', 'EO外观', '挺流畅的', 'EO硬件&性能', '不错', 'EO整体']	['深空灰', 'EO外观', '挺好看的', 'EO外观', '挺流畅的', 'EO硬件&性能', '不错', 'EO整体']
102	['[CLS]', '电', '脑', '收', '到', '了', '配', '套', '很', '齐', '全', '，', '画', '面', '很', '清', '晰', '，', '玩', '游', '戏', '一', '点', '都', '不', '卡', '，', '适', '合', '女', '生', '用', '的', '超', '薄', '电', '脑', '，', '非', '常', '满', '意', '非', '常', '喜', '欢', '[SEP]']	['配套', 'EA整体', '很齐全', 'EO物流', '画面', 'EA硬件&性能', '很清晰', 'EO硬件&性能', '玩游戏', 'EA使用场景', '一点都不卡', 'EO使用场景', '超薄', 'EO外观', '非常满意', 'EO整体', '非常喜欢', 'EO整体']	['配套', 'EA硬件&性能', '很齐全', 'EO硬件&性能', '画面', 'EA硬件&性能', '很清晰', 'EO硬件&性能', '玩游戏', 'EA使用场景', '一点都不卡', 'EO使用场景', '超薄', 'EO外观', '非常满意', 'EO整体', '非常喜欢', 'EO整体']
103	['[CLS]', '蓝', '屏', '，', '不', '多', '说', '，', '一', '天', '好', '几', '次', '，', '让', '客', '服', '在', '处', '理', '了', '[SEP]']	['蓝屏', 'EO硬件&性能']	['蓝屏', 'EO硬件&性能']
104	['[CLS]', '电', '脑', '两', '天', '就', '到', '了', '，', '店', '家', '服', '务', '非', '常', '好', '，', '我', '啰', '嗦', '了', '好', '几', '天', '客', '服', '都', '非', '常', '耐', '心', '的', '给', '我', '解', '答', '。', '回', '来', '儿', '子', '用', '了', '非', '常', '满', '意', '，', '能', '满', '足', '他', '学', '习', '和', '娱', '乐', '的', '需', '求', '。', '[SEP]']	['店家服务', 'EA服务', '非常好', 'EO服务', '客服', 'EA服务', '非常耐心', 'EO服务', '非常满意', 'EO整体']	['店家服务', 'EA服务', '非常好', 'EO服务', '客服', 'EA服务', '非常耐心', 'EO服务', '非常满意', 'EO整体']
105	['[CLS]', '真', '的', '很', '垃', '圾', '，', '刚', '买', '的', '电', '脑', '居', '然', '打', '开', '个', '应', '用', '还', '要', '重', '启', '一', '两', '次', '才', '可', '以', '，', '联', '系', '换', '货', '也', '几', '天', '没', '人', '处', '理', '！', '[SEP]']	['真的很垃圾', 'EO整体']	['真的很垃圾', 'EO整体', '换货', 'EA服务', '没人处理', 'EO服务']
106	['[CLS]', '宝', '贝', '外', '观', '设', '计', '很', '简', '约', '很', '好', '看', '，', '电', '脑', '运', '行', '也', '十', '分', '流', '畅', '，', '物', '流', '也', '很', '快', '[SEP]']	['外观设计', 'EA外观', '很简约', 'EO外观', '很好看', 'EO外观', '运行', 'EA硬件&性能', '十分流畅', 'EO硬件&性能', '物流', 'EA物流', '很快', 'EO物流']	['外观设计', 'EA外观', '很简约', 'EO外观', '很好看', 'EO外观', '运行', 'EA硬件&性能', '十分流畅', 'EO硬件&性能', '物流', 'EA物流', '很快', 'EO物流']
107	['[CLS]', '显', '卡', '效', '果', '：', '画', '面', '很', '好', '很', '满', '意', ' ', '看', '着', '很', '舒', '服', ' ', '电', '脑', '性', '能', '：', '嗯', '嗯', '一', '点', '不', '卡', ' ', '玩', '吃', '鸡', '很', '流', '畅', ' ', '外', '观', '材', '质', '：', '外', '观', '很', '好', '看', ' ', '超', '级', '喜', '欢', '很', '酷', ' ', '[SEP]']	['画面', 'EA硬件&性能', '很好', 'EO硬件&性能', '很满意', 'EO硬件&性能', '很舒服', 'EO整体', '性能', 'EA硬件&性能', '一点不卡', 'EO硬件&性能', '玩吃鸡', 'EA使用场景', '很流畅', 'EO使用场景', '外观', 'EA外观', '很好看', 'EO外观', '超级喜欢', 'EO整体', '很酷', 'EO外观']	['画面', 'EA硬件&性能', '很好很满意', 'EO硬件&性能', '很舒服', 'EO整体', '性能', 'EA硬件&性能', '一点不卡', 'EO硬件&性能', '玩吃鸡', 'EA使用场景', '很流畅', 'EO使用场景', '外观', 'EA外观', '很好看', 'EO外观', '超级喜欢', 'EO整体', '很酷', 'EO外观']
108	['[CLS]', '触', '控', '板', '是', '真', '难', '用', '，', '散', '热', '略', '渣', '，', '做', '工', '一', '般', '[SEP]']	['触控板', 'EA硬件&性能', '散热', 'EA硬件&性能', '略渣', 'EO硬件&性能', '做工', 'EA外观', '一般', 'EO外观']	['触控板', 'EA硬件&性能', '真难用', 'EO硬件&性能', '散热', 'EA硬件&性能', '略渣', 'EO硬件&性能', '做工', 'EA其他', '一般', 'EO其他']
109	['[CLS]', '有', '一', '个', 'U', '盘', '插', '口', '无', '法', '使', '用', '。', '[SEP]']	['U盘插口', 'EA硬件&性能', '无法使用', 'EO硬件&性能']	['U盘插口', 'EA硬件&性能', '无法使用', 'EO硬件&性能']
110	['[CLS]', '整', '体', '效', '果', '还', '不', '错', '，', '性', '价', '比', '高', '[SEP]']	['效果', 'EA整体', '还不错', 'EO整体', '性价比', 'EA价格', '高', 'SO价格']	['整体效果', 'EA整体', '还不错', 'EO整体', '性价比', 'EA价格', '高', 'SO价格']
111	['[CLS]', '默', '认', '好', '评', '吧', '[SEP]']	['好评', 'EO整体']	['好评', 'EO整体']
112	['[CLS]', '可', '以', ' ', ' ', '电', '脑', '用', '起', '来', '很', '流', '畅', ' ', '和', '同', '事', '一', '起', '买', '的', '两', '台', '[SEP]']	['可以', 'EO整体', '很流畅', 'EO硬件&性能']	['可以', 'EO整体', '很流畅', 'EO硬件&性能']
113	['[CLS]', '电', '脑', '挺', '好', '，', '不', '到', '两', '周', '降', '了', '四', '五', '百', '有', '点', '坑', '，', '还', '不', '能', '保', '价', '，', '退', '也', '退', '不', '了', '[SEP]']	['挺好', 'EO整体', '降了四五百', 'EO价格', '不能保价', 'EO价格']	['挺好', 'EO整体', '不能保价', 'EO价格', '退也退不了', 'EO服务']
114	['[CLS]', '电', '脑', '非', '常', '好', '，', '运', '行', '很', '流', '畅', '，', '相', '信', '*', '*', '品', '质', '👍', '[SEP]']	['非常好', 'EO整体', '运行', 'EA硬件&性能', '很流畅', 'EO硬件&性能']	['非常好', 'EO整体', '运行', 'EA硬件&性能', '很流畅', 'EO硬件&性能']
115	['[CLS]', '真', '是', '不', '想', '说', '了', '，', '音', '质', '连', '我', '1', '千', '多', '的', '手', '机', '好', '，', '听', '一', '首', '歌', '没', '有', '一', '句', '话', '不', '带', '杂', '音', '的', '，', '戴', '上', '耳', '机', '你', '会', '让', '你', '感', '觉', '自', '己', '的', '耳', '机', '是', '不', '是', '坏', '了', '。', '真', '是', '一', '次', '差', '的', '购', '物', '体', '验', '。', '[SEP]']	['音质', 'EA硬件&性能', '听一首歌', 'EA使用场景', '不带杂音', 'EO使用场景']	['音质', 'EA硬件&性能', '杂音', 'EO硬件&性能', '差', 'SO服务', '购物体验', 'EA服务']
116	['[CLS]', '挺', '好', '的', '，', '很', '喜', '欢', '，', '就', '是', '比', '我', '想', '象', '的', '略', '重', '[SEP]']	['挺好的', 'EO整体', '很喜欢', 'EO整体', '略重', 'EO外观']	['挺好的', 'EO整体', '很喜欢', 'EO整体', '略重', 'EO外观']
117	['[CLS]', '包', '裹', '挺', '好', '的', '，', '感', '谢', ' ', '电', '脑', '还', '没', '用', '，', '先', '不', '做', '评', '价', '[SEP]']	['包裹', 'EA包装', '挺好的', 'EO包装']	['包裹', 'EA包装', '挺好的', 'EO包装']
118	['[CLS]', '笔', '记', '本', '轻', '薄', '小', '巧', '，', '方', '便', '携', '带', '，', '整', '体', '配', '置', '还', '不', '错', '，', '显', '示', '屏', '清', '晰', '盈', '亮', '，', '用', '来', '办', '公', '商', '务', '绰', '绰', '有', '余', '，', '玩', '起', '游', '戏', '也', '不', '卡', '很', '顺', '畅', '，', '性', '价', '比', '高', '[SEP]']	['轻薄小巧', 'EO外观', '方便携带', 'EO外观', '配置', 'EA硬件&性能', '还不错', 'EO硬件&性能', '显示屏', 'EA硬件&性能', '清晰盈亮', 'EO硬件&性能', '办公商务', 'EA使用场景', '绰绰有余', 'EO使用场景', '玩起游戏', 'EA使用场景', '不卡', 'EO使用场景', '很顺畅', 'EO使用场景', '性价比', 'EA价格', '高', 'SO价格']	['轻薄小巧', 'EO外观', '方便携带', 'EO外观', '整体配置', 'EA硬件&性能', '不错', 'EO硬件&性能', '显示屏', 'EA硬件&性能', '清晰盈亮', 'EO硬件&性能', '办公商务', 'EA使用场景', '绰绰有余', 'EO使用场景', '玩起游戏', 'EA使用场景', '不卡很顺畅', 'EO使用场景', '性价比', 'EA价格', '高', 'SO价格']
119	['[CLS]', '很', '满', '意', ' ', '电', '脑', '还', '不', '错', ' ', '很', '喜', '欢', ' ', '又', '很', '多', '小', '功', '能', '[SEP]']	['很满意', 'EO整体', '还不错', 'EO整体', '很喜欢', 'EO整体']	['很满意', 'EO整体', '还不错', 'EO整体', '很喜欢', 'EO整体', '很多', 'EO整体', '小功能', 'EA整体']
120	['[CLS]', '客', '服', '很', '好', '很', '耐', '心', '，', '分', '盘', '什', '么', '的', '都', '远', '程', '指', '导', '。', '电', '脑', '也', '很', '棒', '[SEP]']	['客服', 'EA服务', '很好', 'EO服务', '很耐心', 'EO服务', '很棒', 'EO整体']	['客服', 'EA服务', '很好', 'EO服务', '很耐心', 'EO服务', '很棒', 'EO整体']
121	['[CLS]', '目', '前', '使', '用', '觉', '得', '还', '可', '以', '得', '看', '以', '后', '怎', '么', '样', '了', '[SEP]']	['还可以', 'EO整体']	['还可以', 'EO整体']
122	['[CLS]', '感', '谢', '售', '后', '的', '耐', '心', '解', '答', '，', '掌', '柜', '还', '送', '了', '很', '实', '用', '的', '东', '西', '，', '电', '脑', '用', '着', '很', '流', '畅', '，', '以', '后', '还', '会', '光', '顾', '，', '[SEP]']	['售后', 'EA服务', '很实用', 'EO价格', '很流畅', 'EO硬件&性能']	['售后', 'EA服务', '耐心', 'EO服务', '很流畅', 'EO硬件&性能']
123	['[CLS]', '差', '评', '好', '吧', '，', '电', '脑', '第', '一', '天', '拿', '到', '手', '，', '两', '处', '松', '动', '，', '让', '我', '去', '网', '点', '检', '测', '，', '我', '是', '服', '了', '，', '新', '买', '的', '电', '脑', '检', '测', '什', '么', '，', '你', '们', '和', '辣', '鸡', '苏', '宁', '有', '什', '么', '区', '别', '，', '太', '差', '了', '[SEP]']	['差评', 'EO整体', '两处松动', 'EO硬件&性能']	['差评', 'EO整体', '太差了', 'EO整体']
124	['[CLS]', '质', '量', '好', '[SEP]']	['质量', 'EA整体', '好', 'SO整体']	['质量', 'EA整体', '好', 'SO整体']
125	['[CLS]', '入', '手', '需', '要', '谨', '慎', '，', '~', '已', '经', '有', '4', '9', '9', '9', '的', '了', '，', '5', '2', '9', '9', '买', '几', '天', '就', '降', '了', '3', '0', '0', '[SEP]']	['降了', 'EO价格']	['买几天就降了', 'EO价格']
126	['[CLS]', '很', '不', '安', '的', '一', '款', '平', '板', '，', '质', '量', '好', '价', '格', '实', '惠', '，', '屏', '幕', '清', '晰', '度', '非', '常', '不', '错', '，', '值', '得', '购', '买', '[SEP]']	['质量', 'EA整体', '好', 'SO整体', '价格', 'EA价格', '实惠', 'EO价格', '屏幕清晰度', 'EA硬件&性能', '非常不错', 'EO硬件&性能']	['很不安', 'EO整体', '质量', 'EA整体', '好', 'SO整体', '价格', 'EA价格', '实惠', 'EO价格', '屏幕清晰度', 'EA硬件&性能', '非常不错', 'EO硬件&性能']
127	['[CLS]', '收', '货', '5', '天', '了', '，', '包', '装', '好', '几', '层', '，', '精', '美', '严', '实', '。', '特', '意', '玩', '了', '几', '天', '，', '很', '不', '错', '的', '游', '戏', '本', '，', '高', '颜', '值', '，', '高', '性', '能', '，', '不', '说', '了', '，', '必', '须', '全', '5', '星', '[SEP]']	['包装', 'EA包装', '好几层', 'EO包装', '精美严实', 'EO包装', '很不错', 'EO整体', '高颜值', 'EO外观', '性能', 'EA硬件&性能']	['包装', 'EA包装', '精美严实', 'EO包装', '很不错', 'EO整体', '高颜值', 'EO外观', '高性能', 'EO硬件&性能', '全5星', 'EO整体']
128	['[CLS]', '挺', '好', ' ', '速', '度', '挺', '快', ' ', '电', '脑', '也', '很', '酷', '下', '个', '英', '雄', '联', '盟', '试', '试', ' ', '期', '待', '[SEP]']	['挺好', 'EO整体', '速度', 'EA硬件&性能', '挺快', 'EO硬件&性能', '很酷', 'EO外观']	['挺好', 'EO整体', '速度', 'EA硬件&性能', '挺快', 'EO硬件&性能', '很酷', 'EO外观']
129	['[CLS]', '很', '不', '错', '！', '是', '我', '喜', '欢', '的', '大', '红', '色', '了', '！', '开', '机', '很', '快', '，', '挺', '轻', '巧', '的', '，', '用', '来', '办', '公', '很', '合', '适', '！', '好', '评', '，', '具', '体', '性', '能', '后', '面', '用', '用', '再', '追', '评', '。', '[SEP]']	['很不错', 'EO整体', '开机', 'EA硬件&性能', '很快', 'EO硬件&性能', '挺轻巧的', 'EO外观', '办公', 'EA使用场景', '很合适', 'EO使用场景', '好评', 'EO整体']	['很不错', 'EO整体', '大红色', 'EO外观', '开机', 'EA硬件&性能', '很快', 'EO硬件&性能', '挺轻巧的', 'EO外观', '办公', 'EA使用场景', '很合适', 'EO使用场景', '好评', 'EO整体']
130	['[CLS]', '朋', '友', '推', '荐', '的', '这', '款', '笔', '记', '本', '，', '真', '的', '还', '不', '错', '，', '不', '卡', '顿', '，', '运', '行', '效', '果', '极', '好', '，', '好', '东', '西', '值', '得', '推', '荐', '。', '[SEP]']	['真的还不错', 'EO整体', '不卡顿', 'EO硬件&性能', '运行效果', 'EA硬件&性能', '极好', 'EO硬件&性能']	['真的还不错', 'EO整体', '不卡顿', 'EO硬件&性能', '运行效果', 'EA硬件&性能', '极好', 'EO硬件&性能']
131	['[CLS]', '我', '个', '人', '觉', '得', '这', '台', '电', '脑', '最', '好', '不', '要', '下', '游', '戏', '，', '因', '为', '它', '的', '通', '风', '系', '统', '设', '在', '底', '板', '下', '面', '真', '的', '不', '好', '散', '热', '。', '[SEP]']	['通风系统', 'EA硬件&性能', '不好散热', 'EO硬件&性能']	['真的不好散热', 'EO硬件&性能']
132	['[CLS]', '还', '不', '错', '，', '运', '行', '很', '快', '很', '稳', '定', '，', '屏', '幕', '分', '辨', '率', '高', '。', '价', '格', '实', '惠', '，', '真', '的', '非', '常', '满', '意', '。', '[SEP]']	['还不错', 'EO整体', '运行', 'EA硬件&性能', '很快', 'EO硬件&性能', '很稳定', 'EO硬件&性能', '屏幕分辨率', 'EA硬件&性能', '高', 'SO硬件&性能', '价格', 'EA价格', '实惠', 'EO价格', '非常满意', 'EO整体']	['还不错', 'EO整体', '运行', 'EA硬件&性能', '很快', 'EO硬件&性能', '很稳定', 'EO硬件&性能', '屏幕分辨率', 'EA硬件&性能', '高', 'SO硬件&性能', '价格', 'EA价格', '实惠', 'EO价格', '真的非常满意', 'EO整体']
133	['[CLS]', '运', '行', '流', '畅', '，', '内', '存', '大', '，', '不', '卡', '顿', '，', '画', '质', '清', '晰', '，', '很', '好', '用', '[SEP]']	['运行', 'EA硬件&性能', '流畅', 'EO硬件&性能', '内存', 'EA硬件&性能', '大', 'SO硬件&性能', '不卡顿', 'EO硬件&性能', '画质', 'EA硬件&性能', '清晰', 'EO硬件&性能', '很好用', 'EO整体']	['运行', 'EA硬件&性能', '流畅', 'EO硬件&性能', '内存', 'EA硬件&性能', '大', 'SO硬件&性能', '不卡顿', 'EO硬件&性能', '画质', 'EA硬件&性能', '清晰', 'EO硬件&性能', '很好用', 'EO整体']
134	['[CLS]', '吃', '鸡', '极', '致', '画', '质', '完', '没', '运', '行', '，', '就', '是', '风', '扇', '声', '音', '很', '大', '[SEP]']	['吃鸡', 'EA使用场景', '画质', 'EA硬件&性能', '完没运行', 'EO硬件&性能', '风扇声音', 'EA硬件&性能', '很大', 'EO硬件&性能']	['吃鸡', 'EA使用场景', '完没运行', 'EO使用场景', '风扇声音', 'EA硬件&性能', '很大', 'EO硬件&性能']
135	['[CLS]', '电', '脑', '性', '能', '不', '错', '，', '显', '卡', '效', '果', '好', '，', '用', '起', '来', '挺', '流', '畅', '，', '值', '得', '购', '买', '。', '[SEP]']	['性能', 'EA硬件&性能', '不错', 'EO硬件&性能', '显卡效果', 'EA硬件&性能', '好', 'SO硬件&性能', '挺流畅', 'EO硬件&性能']	['性能', 'EA硬件&性能', '不错', 'EO硬件&性能', '显卡效果', 'EA硬件&性能', '好', 'SO硬件&性能', '挺流畅', 'EO硬件&性能']
136	['[CLS]', '*', '*', '用', '着', '一', '点', '也', '不', '习', '惯', '，', '购', '买', '差', '不', '多', '一', '个', '月', '。', '9', '5', '新', '。', '~', '我', '[SEP]']	['一点也不习惯', 'EO整体']	['不习惯', 'EO使用场景']
137	['[CLS]', '很', '好', ' ', '有', '些', '问', '题', '客', '服', '小', '姐', '姐', '和', '售', '后', '小', '弟', '弟', '都', '给', '解', '答', ' ', ' ', '虽', '然', '一', '个', '小', '瑕', '疵', ' ', '但', '我', '就', '玩', '玩', '游', '戏', '不', '影', '响', '[SEP]']	['很好', 'EO整体', '客服小姐姐', 'EA服务', '售后小弟弟', 'EA服务', '给解答', 'EO服务', '玩玩游戏', 'EA使用场景', '不影响', 'EO使用场景']	['很好', 'EO整体', '客服小姐姐', 'EA服务', '售后小弟弟', 'EA服务', '一个小瑕疵', 'EO整体', '不影响', 'EO整体']
138	['[CLS]', '产', '品', '非', '常', '不', '错', '，', '店', '家', '也', '很', '贴', '心', '，', '物', '流', '也', '很', '快', '，', '总', '之', '非', '常', '值', '得', '大', '家', '购', '买', '[SEP]']	['非常不错', 'EO整体', '店家', 'EA服务', '很贴心', 'EO服务', '物流', 'EA物流', '很快', 'EO物流']	['非常不错', 'EO整体', '店家', 'EA服务', '很贴心', 'EO服务', '物流', 'EA物流', '很快', 'EO物流']
139	['[CLS]', '终', '于', '拿', '到', '了', '等', '好', '久', '了', '，', '还', '好', '东', '西', '好', '，', '速', '度', '很', '快', '满', '意', '[SEP]']	['好', 'SO整体', '速度', 'EA硬件&性能', '很快', 'EO硬件&性能', '满意', 'EO整体']	['好', 'SO整体', '速度', 'EA硬件&性能', '很快', 'EO硬件&性能', '满意', 'EO整体']
140	['[CLS]', '电', '脑', '轻', '薄', '，', '显', '示', '屏', '清', '晰', '，', '上', '网', '打', '游', '戏', '一', '点', '也', '不', '卡', '，', '这', '个', '价', '格', '可', '以', '啦', '，', '很', '满', '意', '[SEP]']	['轻薄', 'EO外观', '显示屏', 'EA硬件&性能', '清晰', 'EO硬件&性能', '上网', 'EA使用场景', '打游戏', 'EA使用场景', '一点也不卡', 'EO使用场景', '价格', 'EA价格', '可以', 'EO价格', '很满意', 'EO整体']	['轻薄', 'EO外观', '显示屏', 'EA硬件&性能', '清晰', 'EO硬件&性能', '上网', 'EA使用场景', '打游戏', 'EA使用场景', '一点也不卡', 'EO使用场景', '价格', 'EA价格', '可以', 'EO价格', '很满意', 'EO整体']
141	['[CLS]', '好', '评', '，', '质', '量', '挺', '好', '的', '，', '满', '意', '的', '一', '次', '购', '物', '[SEP]']	['好评', 'EO整体', '质量', 'EA整体', '挺好的', 'EO整体']	['好评', 'EO整体', '质量', 'EA整体', '挺好的', 'EO整体', '满意', 'EO整体']
142	['[CLS]', '电', '脑', '收', '到', '了', '，', '还', '不', '错', '哦', '，', '开', '机', '速', '度', '快', '，', '屏', '幕', '清', '晰', '。', '[SEP]']	['还不错', 'EO整体', '开机速度', 'EA硬件&性能', '快', 'SO硬件&性能', '屏幕', 'EA硬件&性能', '清晰', 'EO硬件&性能']	['还不错', 'EO整体', '开机速度', 'EA硬件&性能', '快', 'SO硬件&性能', '屏幕', 'EA硬件&性能', '清晰', 'EO硬件&性能']
143	['[CLS]', '不', '错', '不', '错', '，', '物', '有', '所', '值', '9', '成', '新', '，', '希', '望', '用', '久', '点', '哦', '。', '可', '以', '的', '[SEP]']	['不错', 'EO整体', '物有所值', 'EO价格', '可以', 'EO整体']	['不错', 'EO整体', '物有所值', 'EO价格', '9成新', 'EO外观', '可以', 'EO整体']
144	['[CLS]', '非', '常', '实', '惠', '，', '运', '行', '流', '畅', '，', '性', '价', '比', '高', '。', '[SEP]']	['非常实惠', 'EO价格', '运行', 'EA硬件&性能', '流畅', 'EO硬件&性能', '性价比', 'EA价格', '高', 'SO价格']	['非常实惠', 'EO价格', '运行', 'EA硬件&性能', '流畅', 'EO硬件&性能', '性价比', 'EA价格', '高', 'SO价格']
145	['[CLS]', '电', '脑', '手', '感', '好', '棒', 'ヾ', ' ', '^', '_', '^', '♪', '好', '喜', '欢', '[SEP]']	['手感', 'EA外观', '好棒', 'EO外观', '好喜欢', 'EO整体']	['手感', 'EA外观', '好棒', 'EO外观', '好喜欢', 'EO整体']
146	['[CLS]', '买', '给', '弟', '弟', '的', '，', '用', '着', '挺', '好', '，', '价', '格', '比', '实', '体', '店', '便', '宜', '[SEP]']	['挺好', 'EO整体', '价格', 'EA价格', '便宜', 'EO价格']	['挺好', 'EO整体', '价格', 'EA价格', '比实体店便宜', 'EO价格']
147	['[CLS]', '才', '买', '到', '手', '就', '降', '价', '3', '0', '0', '，', '也', '是', '服', '了', '[SEP]']	['降价', 'EO价格']	['才买到手就降价', 'EO价格']
148	['[CLS]', '外', '观', '超', '薄', '好', '看', '网', '速', '很', '快', '不', '卡', '，', '非', '常', '满', '意', '[SEP]']	['外观', 'EA外观', '超薄', 'EO外观', '好看', 'EO外观', '网速', 'EA硬件&性能', '很快', 'EO硬件&性能', '不卡', 'EO硬件&性能', '非常满意', 'EO整体']	['外观', 'EA外观', '超薄好看', 'EO外观', '网速', 'EA硬件&性能', '很快不卡', 'EO硬件&性能', '非常满意', 'EO整体']
149	['[CLS]', '用', '了', '几', '天', '，', '还', '挺', '好', '用', '的', '，', '开', '机', '舒', '服', '快', '运', '行', '舒', '服', '还', '行', '，', '总', '体', '感', '觉', '还', '可', '以', '，', '好', '评', '。', '[SEP]']	['挺好用的', 'EO整体', '开机', 'EA硬件&性能', '舒服快', 'EO硬件&性能', '运行', 'EA硬件&性能', '舒服还行', 'EO整体', '还可以', 'EO整体', '好评', 'EO整体']	['挺好用的', 'EO整体', '开机舒服', 'EA硬件&性能', '快', 'SO硬件&性能', '运行舒服', 'EA硬件&性能', '还行', 'EO硬件&性能', '总体', 'EA整体', '还可以', 'EO整体', '好评', 'EO整体']
150	['[CLS]', '产', '品', '收', '到', '了', '，', '画', '面', '清', '晰', '，', '网', '速', '很', '看', '，', '不', '卡', '顿', '，', '外', '观', '材', '质', '也', '很', '好', '，', '很', '满', '意', '[SEP]']	['画面', 'EA硬件&性能', '清晰', 'EO硬件&性能', '网速', 'EA硬件&性能', '很看', 'EO硬件&性能', '不卡顿', 'EO硬件&性能', '外观材质', 'EA外观', '很好', 'EO外观', '很满意', 'EO整体']	['画面', 'EA硬件&性能', '清晰', 'EO硬件&性能', '网速', 'EA硬件&性能', '很看', 'EO硬件&性能', '不卡顿', 'EO硬件&性能', '外观材质', 'EA外观', '很好', 'EO外观', '很满意', 'EO整体']
151	['[CLS]', '电', '脑', '办', '公', '可', '以', '，', 'l', 'o', 'l', '有', '点', '卡', '顿', '，', '*', '*', '客', '服', '给', '0', '分', '，', '官', '方', '客', '服', '给', '满', '分', '[SEP]']	['办公', 'EA使用场景', '可以', 'EO使用场景', 'lol', 'EA使用场景', '有点卡顿', 'EO使用场景', '客服', 'EA服务', '客服', 'EA服务', '满分', 'EO服务']	['办公', 'EA使用场景', '可以', 'EO使用场景', '有点卡顿', 'EO硬件&性能', '客服', 'EA服务', '给0分', 'EO服务', '官方客服', 'EA服务', '给满分', 'EO服务']
152	['[CLS]', '运', '行', '速', '度', '很', '快', '玩', '游', '戏', '一', '点', '都', '不', '卡', '，', '显', '示', '清', '晰', '，', '音', '质', '不', '错', '，', '外', '观', '时', '尚', '大', '气', '！', '[SEP]']	['运行速度', 'EA硬件&性能', '很快', 'EO硬件&性能', '玩游戏', 'EA使用场景', '一点都不卡', 'EO使用场景', '显示', 'EA硬件&性能', '清晰', 'EO硬件&性能', '音质', 'EA硬件&性能', '不错', 'EO硬件&性能', '外观', 'EA外观', '时尚大气', 'EO外观']	['运行速度', 'EA硬件&性能', '很快', 'EO硬件&性能', '玩游戏', 'EA使用场景', '一点都不卡', 'EO使用场景', '显示', 'EA硬件&性能', '清晰', 'EO硬件&性能', '音质', 'EA硬件&性能', '不错', 'EO硬件&性能', '外观', 'EA外观', '时尚大气', 'EO外观']
153	['[CLS]', '这', '电', '脑', '不', '行', '！', '给', '的', '接', '口', '转', '换', '器', '时', '灵', '时', '不', '灵', '！', '操', '作', '感', '觉', '一', '般', '，', '不', '好', '用', '[SEP]']	['不行', 'EO整体', '接口转换器', 'EA硬件&性能', '灵时不灵', 'EO硬件&性能', '操作', 'EA使用场景', '一般', 'EO使用场景', '不好用', 'EO整体']	['不行', 'EO整体', '接口转换器', 'EA硬件&性能', '时灵时不灵', 'EO硬件&性能', '操作', 'EA使用场景', '一般', 'EO使用场景', '不好用', 'EO整体']
154	['[CLS]', '电', '脑', '性', '能', '：', '很', '流', '畅', '，', '不', '卡', ' ', '显', '卡', '效', '果', '：', '很', '清', '晰', '，', '特', '别', '好', ' ', '还', '会', '介', '绍', '盆', '友', '买', '的', ' ', '[SEP]']	['性能', 'EA硬件&性能', '很流畅', 'EO硬件&性能', '不卡', 'EO硬件&性能', '显卡效果', 'EA硬件&性能', '很清晰', 'EO硬件&性能', '特别好', 'EO整体']	['性能', 'EA硬件&性能', '很流畅', 'EO硬件&性能', '不卡', 'EO硬件&性能', '显卡效果', 'EA硬件&性能', '很清晰', 'EO硬件&性能', '特别好', 'EO硬件&性能']
155	['[CLS]', '真', '是', '服', '了', '，', '在', '*', '*', '*', '*', '上', '买', '电', '子', '产', '品', '，', '每', '一', '次', '宽', '容', '都', '是', '失', '望', '！', '鼠', '标', '在', '屏', '幕', '上', '乱', '动', '，', '卡', '，', '太', '卡', '，', '新', '机', '子', '啊', '[SEP]']	['鼠标', 'EA硬件&性能', '屏幕', 'EA硬件&性能', '乱动', 'EO硬件&性能', '太卡', 'EO硬件&性能']	['鼠标', 'EA硬件&性能', '在屏幕上乱动', 'EO硬件&性能', '太卡', 'EO硬件&性能']
156	['[CLS]', '真', '垃', '圾', '什', '么', '都', '没', '有', '大', '家', '以', '后', '千', '万', '不', '要', '买', '纯', '裸', '机', '流', '畅', '度', '严', '重', '失', '衡', '第', '二', '次', '开', '机', '就', '死', '机', '了', '！', '[SEP]']	['真垃圾', 'EO整体', '流畅度', 'EA硬件&性能', '严重失衡', 'EO硬件&性能', '开机', 'EA硬件&性能']	['真垃圾', 'EO整体', '流畅度', 'EA硬件&性能', '严重失衡', 'EO硬件&性能', '死机', 'EO硬件&性能']
157	['[CLS]', '背', '面', '板', '很', '薄', '，', '塑', '料', '感', '很', '强', '，', '但', '开', '机', '挺', '快', '的', '，', '继', '续', '使', '用', '看', '看', '吧', '[SEP]']	['背面板', 'EA外观', '很薄', 'EO外观', '塑料感', 'EA外观', '很强', 'EO外观', '开机', 'EA硬件&性能', '挺快的', 'EO硬件&性能']	['背面板', 'EA外观', '很薄', 'EO外观', '塑料感', 'EA外观', '很强', 'EO外观', '开机', 'EA硬件&性能', '挺快的', 'EO硬件&性能']
158	['[CLS]', '机', '子', '很', '好', ' ', '外', '观', '也', '很', '好', '看', '的', ' ', '是', '正', '品', ' ', '值', '得', '信', '赖', '哦', ' ', '以', '后', '买', '就', '买', '这', '一', '家', '了', ' ', '东', '西', '是', '真', '的', '很', '好', '呀', '欢', '迎', '其', '他', '人', '都', '来', '买', '呢', '[SEP]']	['很好', 'EO整体', '外观', 'EA外观', '很好看', 'EO外观', '是正品', 'EO真伪', '真的很好', 'EO整体']	['很好', 'EO整体', '外观', 'EA外观', '很好看', 'EO外观', '是正品', 'EO真伪', '真的很好', 'EO整体']
159	['[CLS]', '宝', '贝', '收', '到', '了', '物', '流', '很', '快', '，', '质', '量', '不', '错', '，', '做', '工', '精', '细', '，', '外', '观', '高', '端', '大', '气', '上', '档', '次', '，', '用', '起', '来', '很', '顺', '畅', '，', '画', '画', '清', '晰', '，', '一', '点', '也', '不', '卡', '，', '满', '意', '！', '[SEP]']	['物流', 'EA物流', '很快', 'EO物流', '质量', 'EA整体', '不错', 'EO整体', '做工', 'EA外观', '精细', 'EO外观', '外观', 'EA外观', '高端大气', 'EO外观', '很顺畅', 'EO硬件&性能', '画画', 'EA硬件&性能', '清晰', 'EO硬件&性能', '一点也不卡', 'EO硬件&性能', '满意', 'EO整体']	['物流', 'EA物流', '很快', 'EO物流', '质量', 'EA整体', '不错', 'EO整体', '做工', 'EA外观', '精细', 'EO外观', '外观', 'EA外观', '高端大气上档次', 'EO外观', '很顺畅', 'EO硬件&性能', '画画', 'EA使用场景', '清晰', 'EO使用场景', '一点也不卡', 'EO硬件&性能', '满意', 'EO整体']
160	['[CLS]', '新', '机', '器', '，', '很', '好', '的', '机', '器', '，', '给', '1', '颗', '星', '是', '关', '注', '了', '几', '个', '月', '就', '是', '不', '降', '价', '，', '当', '天', '收', '完', '货', '隔', '天', '就', '降', '价', '，', '不', '爽', '1', '星', '[SEP]']	['很好', 'EO整体', '不降价', 'EO价格', '降价', 'EO价格']	['隔天就降价', 'EO价格']
161	['[CLS]', '可', '以', '，', '不', '错', '值', '得', '购', '买', '[SEP]']	['可以', 'EO整体', '不错', 'EO整体']	['可以', 'EO整体', '不错', 'EO整体']
162	['[CLS]', '运', '营', '很', '快', '[SEP]']	['运营', 'EA硬件&性能', '很快', 'EO硬件&性能']	['运营', 'EA硬件&性能', '很快', 'EO硬件&性能']
163	['[CLS]', '差', '差', '差', '，', '卡', '卡', '，', '这', '电', '脑', '~', '谁', '倒', '霉', '[SEP]']	['差差差', 'EO整体', '卡卡', 'EO硬件&性能']	['差', 'SO整体', '卡', 'SO整体']
164	['[CLS]', '电', '脑', '收', '到', '了', '外', '观', '很', '漂', '亮', '而', '且', '操', '作', '很', '流', '畅', '而', '且', '客', '服', '很', '有', '耐', '心', '回', '答', '我', '的', '问', '题', ' ', ' ', '最', '棒', '的', '是', '在', '快', '递', '过', '程', '中', '没', '有', '磕', '碰', '[SEP]']	['外观', 'EA外观', '很漂亮', 'EO外观', '操作', 'EA使用场景', '很流畅', 'EO使用场景', '客服', 'EA服务', '很有耐心', 'EO服务', '没有磕碰', 'EO物流']	['外观', 'EA外观', '很漂亮', 'EO外观', '操作', 'EA使用场景', '很流畅', 'EO使用场景', '客服', 'EA服务', '很有耐心', 'EO服务', '快递', 'EA物流', '没有磕碰', 'EO物流']
165	['[CLS]', '宝', '贝', '收', '到', '了', '，', '很', '不', '错', '，', '物', '超', '所', '值', '。', '[SEP]']	['很不错', 'EO整体', '物超所值', 'EO价格']	['很不错', 'EO整体', '物超所值', 'EO价格']
166	['[CLS]', '刚', '买', '不', '久', '，', '降', '价', '1', '0', '0', '[SEP]']	['降价', 'EO价格']	['降价', 'EO价格']
167	['[CLS]', '宝', '贝', '收', '到', '了', '，', '和', '卖', '家', '说', '的', '完', '全', '吻', '合', '，', '喜', '欢', '，', '大', '爱', '，', '喜', '欢', '的', '亲', '们', '可', '以', '放', '心', '购', '买', '。', '[SEP]']	['喜欢', 'EO整体', '大爱', 'EO整体']	['喜欢', 'EO整体', '大爱', 'EO整体']
168	['[CLS]', '非', '常', '满', '意', '，', '真', '的', '很', '喜', '欢', '，', '完', '全', '超', '出', '期', '望', '值', '。', '[SEP]']	['非常满意', 'EO整体', '真的很喜欢', 'EO整体']	['非常满意', 'EO整体', '真的很喜欢', 'EO整体']
169	['[CLS]', '摸', '起', '来', '手', '感', '非', '常', '好', '，', '显', '屏', '效', '果', '非', '常', '不', '错', '，', '运', '行', '速', '度', '很', '快', '。', '推', '进', '大', '家', '购', '买', '[SEP]']	['手感', 'EA外观', '非常好', 'EO外观', '显屏效果', 'EA硬件&性能', '非常不错', 'EO硬件&性能', '运行速度', 'EA硬件&性能', '很快', 'EO硬件&性能']	['手感', 'EA外观', '非常好', 'EO外观', '显屏效果', 'EA硬件&性能', '非常不错', 'EO硬件&性能', '运行速度', 'EA硬件&性能', '很快', 'EO硬件&性能']
170	['[CLS]', '帮', '家', '人', '买', '的', '，', '外', '观', '看', '起', '来', '挺', '不', '错', '，', '刚', '开', '始', '总', '的', '说', '挺', '不', '错', '的', '，', '希', '望', '后', '续', '也', '能', '保', '持', '那', '么', '好', '。', '[SEP]']	['外观', 'EA外观', '挺不错', 'EO外观', '挺不错的', 'EO整体']	['外观', 'EA外观', '挺不错', 'EO外观', '挺不错的', 'EO整体']
171	['[CLS]', '电', '脑', '收', '到', '了', '，', '系', '统', '非', '常', '流', '畅', '，', '外', '观', '也', '很', '好', '看', '，', '性', '价', '比', '非', '常', '高', '，', '非', '常', '喜', '欢', '[SEP]']	['系统', 'EA软件&性能', '非常流畅', 'EO软件&性能', '外观', 'EA外观', '很好看', 'EO外观', '性价比', 'EA价格', '非常高', 'EO价格', '非常喜欢', 'EO整体']	['系统', 'EA软件&性能', '非常流畅', 'EO软件&性能', '外观', 'EA外观', '很好看', 'EO外观', '性价比', 'EA价格', '非常高', 'EO价格', '非常喜欢', 'EO整体']
172	['[CLS]', '不', '怎', '么', '样', ' ', '不', '到', '一', '星', '期', '就', '崩', '盘', ' ', '去', '代', '理', '点', '还', '要', '收', '费', '[SEP]']	['崩盘', 'EO硬件&性能']	['不怎么样', 'EO整体', '代理点', 'EA服务', '还要收费', 'EO服务']
